well,replicate,cycle,value
B6,a,1,0.0876
B6,a,2,0.083899997
B6,a,3,0.084299996
B6,a,4,0.084700003
B6,a,5,0.085699998
B6,a,6,0.086400002
B6,a,7,0.087099999
B6,a,8,0.088100001
B6,a,9,0.088399999
B6,a,10,0.089100003
B6,a,11,0.089400001
B6,a,12,0.088699996
B6,a,13,0.088600002
B6,a,14,0.089299999
B6,a,15,0.089699998
B6,a,16,0.094300002
B6,a,17,0.099399999
B6,a,18,0.098300003
B6,a,19,0.101899996
B6,a,20,0.105400003
B6,a,21,0.112599999
B6,a,22,0.116800003
B6,a,23,0.120999999
B6,a,24,0.125300005
B6,a,25,0.136999995
B6,a,26,0.159299999
B6,a,27,0.159799993
B6,a,28,0.1787
B6,a,29,0.197300002
B6,a,30,0.217600003
B6,a,31,0.250499994
B6,a,32,0.302599996
B6,a,33,0.377299994
B6,a,34,0.455000013
B6,a,35,0.506699979
B6,a,36,0.555499971
B6,a,37,0.583500028
B6,a,38,0.607800007
B6,a,39,0.651300013
B6,a,40,0.6875
B6,a,41,0.719200015
B6,a,42,0.745999992
B6,a,43,0.770500004
B6,a,44,0.78609997
B6,a,45,0.801100016
B6,a,46,0.815299988
B6,a,47,0.832799971
B6,a,48,0.84859997
B6,a,49,0.864700019
B6,a,50,0.885299981
B6,a,51,0.899800003
B6,a,52,0.916599989
B6,a,53,0.931200027
B6,a,54,0.94569999
B6,a,55,0.962700009
B6,a,56,0.977100015
B6,a,57,0.99119997
B6,a,58,0.999499977
B6,a,59,1.012500048
B6,a,60,1.020599961
B6,a,61,1.034399986
B6,a,62,1.04519999
B6,a,63,1.053500056
B6,a,64,1.065299988
B6,a,65,1.073699951
B6,a,66,1.083699942
B6,a,67,1.08889997
B6,a,68,1.099699974
B6,a,69,1.10800004
B6,a,70,1.118700027
B6,a,71,1.123299956
B6,a,72,1.131500006
B6,a,73,1.135599971
B6,a,74,1.142400026
B6,a,75,1.148200035
B6,a,76,1.158699989
B6,a,77,1.158800006
B6,a,78,1.163200021
B6,a,79,1.170600057
B6,a,80,1.173200011
B6,a,81,1.17840004
B6,a,82,1.184499979
B6,a,83,1.189599991
B6,a,84,1.194200039
B6,a,85,1.199599981
B6,a,86,1.206599951
B6,a,87,1.214300036
B6,a,88,1.214699984
B6,a,89,1.219900012
B6,a,90,1.228199959
B6,a,91,1.230000019
B6,a,92,1.23179996
B6,a,93,1.241799951
B6,a,94,1.240200043
B6,a,95,1.251700044
B6,a,96,1.244300008
B12,c,1,0.091399997
B12,c,2,0.089199997
B12,c,3,0.089500003
B12,c,4,0.090000004
B12,c,5,0.091300003
B12,c,6,0.092
B12,c,7,0.092500001
B12,c,8,0.093900003
B12,c,9,0.093599997
B12,c,10,0.093599997
B12,c,11,0.093999997
B12,c,12,0.093000002
B12,c,13,0.0973
B12,c,14,0.113700002
B12,c,15,0.094599999
B12,c,16,0.097099997
B12,c,17,0.1131
B12,c,18,0.101300001
B12,c,19,0.112999998
B12,c,20,0.141000003
B12,c,21,0.109200001
B12,c,22,0.147400007
B12,c,23,0.123300001
B12,c,24,0.123599999
B12,c,25,0.1259
B12,c,26,0.136199996
B12,c,27,0.155100003
B12,c,28,0.177699998
B12,c,29,0.196799994
B12,c,30,0.202500001
B12,c,31,0.230399996
B12,c,32,0.287400007
B12,c,33,0.357300013
B12,c,34,0.422100008
B12,c,35,0.485500008
B12,c,36,0.511500001
B12,c,37,0.543799996
B12,c,38,0.594900012
B12,c,39,0.642499983
B12,c,40,0.662599981
B12,c,41,0.67809999
B12,c,42,0.695800006
B12,c,43,0.72329998
B12,c,44,0.749100029
B12,c,45,0.771899998
B12,c,46,0.789699972
B12,c,47,0.811500013
B12,c,48,0.830299973
B12,c,49,0.846099973
B12,c,50,0.863200009
B12,c,51,1.088000059
B12,c,52,1.06280005
B12,c,53,0.908200026
B12,c,54,0.981000006
B12,c,55,0.983299971
B12,c,56,0.978100002
B12,c,57,1.000800014
B12,c,58,1.027500033
B12,c,59,1.04429996
B12,c,60,1.03550005
B12,c,61,1.042999983
B12,c,62,1.055199981
B12,c,63,1.083799958
B12,c,64,1.089900017
B12,c,65,1.096400023
B12,c,66,1.093000054
B12,c,67,1.117799997
B12,c,68,1.09920001
B12,c,69,1.112699986
B12,c,70,1.13440001
B12,c,71,1.149700046
B12,c,72,1.13349998
B12,c,73,1.140900016
B12,c,74,1.168300033
B12,c,75,1.173499942
B12,c,76,1.156900048
B12,c,77,1.171399951
B12,c,78,1.164299965
B12,c,79,1.180899978
B12,c,80,1.16989994
B12,c,81,1.187600017
B12,c,82,1.205800056
B12,c,83,1.187700033
B12,c,84,1.177399993
B12,c,85,1.176900029
B12,c,86,1.219900012
B12,c,87,1.217300057
B12,c,88,1.243299961
B12,c,89,1.199200034
B12,c,90,1.303200006
B12,c,91,1.190899968
B12,c,92,1.200899959
B12,c,93,1.290199995
B12,c,94,1.325299978
B12,c,95,1.254400015
B12,c,96,1.229200006
C6,e,1,0.085900001
C6,e,2,0.085900001
C6,e,3,0.085100003
C6,e,4,0.085600004
C6,e,5,0.086199999
C6,e,6,0.086599998
C6,e,7,0.087099999
C6,e,8,0.087800004
C6,e,9,0.088100001
C6,e,10,0.088699996
C6,e,11,0.088100001
C6,e,12,0.088399999
C6,e,13,0.090300001
C6,e,14,0.091300003
C6,e,15,0.090700001
C6,e,16,0.093000002
C6,e,17,0.093900003
C6,e,18,0.0955
C6,e,19,0.104500003
C6,e,20,0.101999998
C6,e,21,0.106700003
C6,e,22,0.1153
C6,e,23,0.115199998
C6,e,24,0.1206
C6,e,25,0.124300003
C6,e,26,0.140799999
C6,e,27,0.172399998
C6,e,28,0.158500001
C6,e,29,0.169499993
C6,e,30,0.1954
C6,e,31,0.212300003
C6,e,32,0.256000012
C6,e,33,0.30399999
C6,e,34,0.375
C6,e,35,0.457399994
C6,e,36,0.507700026
C6,e,37,0.544799984
C6,e,38,0.573099971
C6,e,39,0.599799991
C6,e,40,0.63380003
C6,e,41,0.671800017
C6,e,42,0.701499999
C6,e,43,0.724699974
C6,e,44,0.749199986
C6,e,45,0.768000007
C6,e,46,0.787999988
C6,e,47,0.806400001
C6,e,48,0.827899992
C6,e,49,0.842499971
C6,e,50,0.858900011
C6,e,51,0.875699997
C6,e,52,0.892400026
C6,e,53,0.934300005
C6,e,54,0.953800023
C6,e,55,0.969900012
C6,e,56,0.98210001
C6,e,57,1.015300035
C6,e,58,1.028599977
C6,e,59,1.060799956
C6,e,60,1.012500048
C6,e,61,1.057600021
C6,e,62,1.034700036
C6,e,63,1.077399969
C6,e,64,1.090299964
C6,e,65,1.099599957
C6,e,66,1.106400013
C6,e,67,1.117300034
C6,e,68,1.093500018
C6,e,69,1.13440001
C6,e,70,1.136999965
C6,e,71,1.148100019
C6,e,72,1.150500059
C6,e,73,1.131100059
C6,e,74,1.166800022
C6,e,75,1.144299984
C6,e,76,1.150400043
C6,e,77,1.183400035
C6,e,78,1.163499951
C6,e,79,1.166900039
C6,e,80,1.174100041
C6,e,81,1.209900022
C6,e,82,1.215000033
C6,e,83,1.191699982
C6,e,84,1.19630003
C6,e,85,1.244799972
C6,e,86,1.210500002
C6,e,87,1.217000008
C6,e,88,1.215000033
C6,e,89,1.238299966
C6,e,90,1.287199974
C6,e,91,1.253299952
C6,e,92,1.258700013
C6,e,93,1.337299943
C6,e,94,1.248000026
C6,e,95,1.263599992
C6,e,96,1.255900025
C12,g,1,0.087200001
C12,g,2,0.086300001
C12,g,3,0.086800002
C12,g,4,0.087499999
C12,g,5,0.0876
C12,g,6,0.089199997
C12,g,7,0.0902
C12,g,8,0.092
C12,g,9,0.094599999
C12,g,10,0.0955
C12,g,11,0.096900001
C12,g,12,0.097199999
C12,g,13,0.0955
C12,g,14,0.093400002
C12,g,15,0.093099996
C12,g,16,0.093800001
C12,g,17,0.099200003
C12,g,18,0.098700002
C12,g,19,0.100500003
C12,g,20,0.150299996
C12,g,21,0.115500003
C12,g,22,0.1338
C12,g,23,0.192000002
C12,g,24,0.184200004
C12,g,25,0.152700007
C12,g,26,0.152600005
C12,g,27,0.171599999
C12,g,28,0.165399998
C12,g,29,0.216700003
C12,g,30,0.326599985
C12,g,31,0.259900004
C12,g,32,0.292199999
C12,g,33,0.345499992
C12,g,34,0.414499998
C12,g,35,0.471399993
C12,g,36,0.515600026
C12,g,37,0.541100025
C12,g,38,0.59009999
C12,g,39,0.614000022
C12,g,40,0.635299981
C12,g,41,0.74849999
C12,g,42,0.792100012
C12,g,43,0.890999973
C12,g,44,0.959299982
C12,g,45,0.977400005
C12,g,46,0.94749999
C12,g,47,0.969699979
C12,g,48,0.98210001
C12,g,49,0.974600017
C12,g,50,1.032899976
C12,g,51,1.029899955
C12,g,52,1.038800001
C12,g,53,1.052000046
C12,g,54,1.060799956
C12,g,55,1.065199971
C12,g,56,1.081500053
C12,g,57,1.108399987
C12,g,58,1.11590004
C12,g,59,1.111999989
C12,g,60,1.122799993
C12,g,61,1.140400052
C12,g,62,1.087200046
C12,g,63,1.156100035
C12,g,64,1.157600045
C12,g,65,1.170400023
C12,g,66,1.210399985
C12,g,67,1.179399967
C12,g,68,1.186699986
C12,g,69,1.211599946
C12,g,70,1.214900017
C12,g,71,1.204900026
C12,g,72,1.132200003
C12,g,73,1.110200047
C12,g,74,1.114899993
C12,g,75,1.130399942
C12,g,76,1.136100054
C12,g,77,1.189100027
C12,g,78,1.160400033
C12,g,79,1.143399954
C12,g,80,1.15199995
C12,g,81,1.158900023
C12,g,82,1.181200027
C12,g,83,1.179100037
C12,g,84,1.171000004
C12,g,85,1.213600039
C12,g,86,1.212599993
C12,g,87,1.214400053
C12,g,88,1.204399943
C12,g,89,1.194200039
C12,g,90,1.222499967
C12,g,91,1.202000022
C12,g,92,1.209699988
C12,g,93,1.209499955
C12,g,94,1.253100038
C12,g,95,1.246500015
C12,g,96,1.23029995
D6,i,1,0.084299996
D6,i,2,0.081500001
D6,i,3,0.081799999
D6,i,4,0.082000002
D6,i,5,0.083499998
D6,i,6,0.084200002
D6,i,7,0.085100003
D6,i,8,0.0867
D6,i,9,0.087899998
D6,i,10,0.089000002
D6,i,11,0.089699998
D6,i,12,0.089400001
D6,i,13,0.0876
D6,i,14,0.088699996
D6,i,15,0.089000002
D6,i,16,0.092600003
D6,i,17,0.095399998
D6,i,18,0.0955
D6,i,19,0.100900002
D6,i,20,0.106399998
D6,i,21,0.109200001
D6,i,22,0.1149
D6,i,23,0.1219
D6,i,24,0.134000003
D6,i,25,0.140799999
D6,i,26,0.160099998
D6,i,27,0.167999998
D6,i,28,0.212799996
D6,i,29,0.209800005
D6,i,30,0.246600002
D6,i,31,0.272100002
D6,i,32,0.326700002
D6,i,33,0.413399994
D6,i,34,0.477400005
D6,i,35,0.514699996
D6,i,36,0.545400023
D6,i,37,0.569100022
D6,i,38,0.597199976
D6,i,39,0.621800005
D6,i,40,0.667400002
D6,i,41,0.693700016
D6,i,42,0.719799995
D6,i,43,0.744499981
D6,i,44,0.769500017
D6,i,45,0.789399981
D6,i,46,0.802600026
D6,i,47,0.821699977
D6,i,48,0.843400002
D6,i,49,0.858099997
D6,i,50,0.89349997
D6,i,51,0.892799973
D6,i,52,0.914300025
D6,i,53,0.925800025
D6,i,54,0.942499995
D6,i,55,0.964600027
D6,i,56,0.975700021
D6,i,57,0.995199978
D6,i,58,1.000800014
D6,i,59,1.011399984
D6,i,60,1.02489996
D6,i,61,1.031999946
D6,i,62,1.046599984
D6,i,63,1.057100058
D6,i,64,1.068300009
D6,i,65,1.077399969
D6,i,66,1.087200046
D6,i,67,1.096099973
D6,i,68,1.105999947
D6,i,69,1.113100052
D6,i,70,1.121099949
D6,i,71,1.128600001
D6,i,72,1.137599945
D6,i,73,1.144299984
D6,i,74,1.149199963
D6,i,75,1.156399965
D6,i,76,1.162999988
D6,i,77,1.171300054
D6,i,78,1.176900029
D6,i,79,1.181900024
D6,i,80,1.187899947
D6,i,81,1.190600038
D6,i,82,1.195700049
D6,i,83,1.204900026
D6,i,84,1.208299994
D6,i,85,1.213799953
D6,i,86,1.217499971
D6,i,87,1.226199985
D6,i,88,1.225299954
D6,i,89,1.231099963
D6,i,90,1.238100052
D6,i,91,1.241000056
D6,i,92,1.246700048
D6,i,93,1.251199961
D6,i,94,1.254899979
D6,i,95,1.254699945
D6,i,96,1.259799957
D12,k,1,0.083800003
D12,k,2,0.081900001
D12,k,3,0.083499998
D12,k,4,0.083499998
D12,k,5,0.083899997
D12,k,6,0.084399998
D12,k,7,0.0854
D12,k,8,0.086000003
D12,k,9,0.086800002
D12,k,10,0.086099997
D12,k,11,0.087499999
D12,k,12,0.088799998
D12,k,13,0.090599999
D12,k,14,0.093099996
D12,k,15,0.087399997
D12,k,16,0.088799998
D12,k,17,0.091300003
D12,k,18,0.093199998
D12,k,19,0.094400004
D12,k,20,0.103200004
D12,k,21,0.100400001
D12,k,22,0.105800003
D12,k,23,0.118500002
D12,k,24,0.138300002
D12,k,25,0.1184
D12,k,26,0.214000002
D12,k,27,0.168500006
D12,k,28,0.240199998
D12,k,29,0.186100006
D12,k,30,0.227500007
D12,k,31,0.250400007
D12,k,32,0.270000011
D12,k,33,0.247999996
D12,k,34,0.266600013
D12,k,35,0.316300005
D12,k,36,0.400200009
D12,k,37,0.500400007
D12,k,38,0.534699976
D12,k,39,0.605300009
D12,k,40,0.550100029
D12,k,41,0.579200029
D12,k,42,0.595200002
D12,k,43,0.627399981
D12,k,44,0.783999979
D12,k,45,0.842899978
D12,k,46,0.7597
D12,k,47,0.81099999
D12,k,48,1.069000006
D12,k,49,0.918200016
D12,k,50,0.954599977
D12,k,51,0.961799979
D12,k,52,1.127300024
D12,k,53,0.992999971
D12,k,54,1.10529995
D12,k,55,1.082599998
D12,k,56,1.070899963
D12,k,57,1.076699972
D12,k,58,1.09679997
D12,k,59,1.101199985
D12,k,60,1.066400051
D12,k,61,1.204599977
D12,k,62,1.207000017
D12,k,63,1.166800022
D12,k,64,1.19509995
D12,k,65,1.234599948
D12,k,66,1.208899975
D12,k,67,1.233100057
D12,k,68,1.210800052
D12,k,69,1.227599978
D12,k,70,1.240800023
D12,k,71,1.228500009
D12,k,72,1.266600013
D12,k,73,1.273399949
D12,k,74,1.255599976
D12,k,75,1.276900053
D12,k,76,1.258900046
D12,k,77,1.154399991
D12,k,78,1.301699996
D12,k,79,1.272899985
D12,k,80,1.297099948
D12,k,81,1.218899965
D12,k,82,1.247599959
D12,k,83,1.156000018
D12,k,84,1.174700022
D12,k,85,1.17840004
D12,k,86,1.16989994
D12,k,87,1.24909997
D12,k,88,1.213199973
D12,k,89,1.203199983
D12,k,90,1.18659997
D12,k,91,1.229400039
D12,k,92,1.243299961
D12,k,93,1.207499981
D12,k,94,1.209300041
D12,k,95,1.21510005
D12,k,96,1.274099946
E6,b,1,0.087700002
E6,b,2,0.086900003
E6,b,3,0.087300003
E6,b,4,0.087700002
E6,b,5,0.087899998
E6,b,6,0.0889
E6,b,7,0.089599997
E6,b,8,0.090599999
E6,b,9,0.0911
E6,b,10,0.091600001
E6,b,11,0.091899998
E6,b,12,0.091899998
E6,b,13,0.090899996
E6,b,14,0.094999999
E6,b,15,0.093500003
E6,b,16,0.095100001
E6,b,17,0.097000003
E6,b,18,0.101000004
E6,b,19,0.105800003
E6,b,20,0.109200001
E6,b,21,0.117899999
E6,b,22,0.123099998
E6,b,23,0.129099995
E6,b,24,0.142000005
E6,b,25,0.160400003
E6,b,26,0.170300007
E6,b,27,0.232099995
E6,b,28,0.2183
E6,b,29,0.2289
E6,b,30,0.244299993
E6,b,31,0.27669999
E6,b,32,0.33129999
E6,b,33,0.4023
E6,b,34,0.465600014
E6,b,35,0.506900012
E6,b,36,0.542400002
E6,b,37,0.574100018
E6,b,38,0.604900002
E6,b,39,0.64319998
E6,b,40,0.670300007
E6,b,41,0.697899997
E6,b,42,0.724900007
E6,b,43,0.749000013
E6,b,44,0.770699978
E6,b,45,0.791499972
E6,b,46,0.81400001
E6,b,47,0.827300012
E6,b,48,0.847500026
E6,b,49,0.866100013
E6,b,50,0.885800004
E6,b,51,0.900900006
E6,b,52,0.913600028
E6,b,53,0.935800016
E6,b,54,0.955200016
E6,b,55,0.969900012
E6,b,56,0.986999989
E6,b,57,0.998899996
E6,b,58,1.015100002
E6,b,59,1.026000023
E6,b,60,1.039899945
E6,b,61,1.048599958
E6,b,62,1.064599991
E6,b,63,1.073199987
E6,b,64,1.083799958
E6,b,65,1.096199989
E6,b,66,1.109599948
E6,b,67,1.117599964
E6,b,68,1.121199965
E6,b,69,1.130699992
E6,b,70,1.146900058
E6,b,71,1.155400038
E6,b,72,1.165500045
E6,b,73,1.16110003
E6,b,74,1.187100053
E6,b,75,1.181900024
E6,b,76,1.190999985
E6,b,77,1.221699953
E6,b,78,1.198799968
E6,b,79,1.212499976
E6,b,80,1.255900025
E6,b,81,1.214699984
E6,b,82,1.242300034
E6,b,83,1.22329998
E6,b,84,1.277400017
E6,b,85,1.236700058
E6,b,86,1.26820004
E6,b,87,1.295899987
E6,b,88,1.246999979
E6,b,89,1.242499948
E6,b,90,1.246399999
E6,b,91,1.25150001
E6,b,92,1.255300045
E6,b,93,1.261199951
E6,b,94,1.261000037
E6,b,95,1.263900042
E6,b,96,1.29519999
E12,d,1,0.105800003
E12,d,2,0.105700001
E12,d,3,0.105899997
E12,d,4,0.1065
E12,d,5,0.1074
E12,d,6,0.1083
E12,d,7,0.109200001
E12,d,8,0.109899998
E12,d,9,0.110799998
E12,d,10,0.111000001
E12,d,11,0.110100001
E12,d,12,0.1096
E12,d,13,0.109200001
E12,d,14,0.109800003
E12,d,15,0.112599999
E12,d,16,0.113300003
E12,d,17,0.114100002
E12,d,18,0.116400003
E12,d,19,0.119800001
E12,d,20,0.122400001
E12,d,21,0.129500002
E12,d,22,0.128000006
E12,d,23,0.132200003
E12,d,24,0.195299998
E12,d,25,0.177300006
E12,d,26,0.149100006
E12,d,27,0.160300002
E12,d,28,0.200399995
E12,d,29,0.187700003
E12,d,30,0.255100012
E12,d,31,0.260800004
E12,d,32,0.281399995
E12,d,33,0.293799996
E12,d,34,0.315400004
E12,d,35,0.372700006
E12,d,36,0.447100013
E12,d,37,0.4815
E12,d,38,0.5273
E12,d,39,0.562600017
E12,d,40,0.58950001
E12,d,41,0.604099989
E12,d,42,0.664799988
E12,d,43,0.683799982
E12,d,44,0.825500011
E12,d,45,0.880200028
E12,d,46,0.955200016
E12,d,47,0.809599996
E12,d,48,0.838500023
E12,d,49,1.060600042
E12,d,50,1.006800056
E12,d,51,0.995999992
E12,d,52,1.105999947
E12,d,53,1.11500001
E12,d,54,0.916299999
E12,d,55,0.934599996
E12,d,56,0.949999988
E12,d,57,0.964100003
E12,d,58,0.981899977
E12,d,59,0.996800005
E12,d,60,1.013800025
E12,d,61,1.025200009
E12,d,62,1.037799954
E12,d,63,1.049200058
E12,d,64,1.06099999
E12,d,65,1.068899989
E12,d,66,1.081400037
E12,d,67,1.088199973
E12,d,68,1.09860003
E12,d,69,1.107599974
E12,d,70,1.11559999
E12,d,71,1.122499943
E12,d,72,1.130399942
E12,d,73,1.135100007
E12,d,74,1.144999981
E12,d,75,1.149399996
E12,d,76,1.156299949
E12,d,77,1.161000013
E12,d,78,1.167999983
E12,d,79,1.173799992
E12,d,80,1.179999948
E12,d,81,1.187600017
E12,d,82,1.191900015
E12,d,83,1.196200013
E12,d,84,1.202900052
E12,d,85,1.20720005
E12,d,86,1.212599993
E12,d,87,1.217300057
E12,d,88,1.221699953
E12,d,89,1.22510004
E12,d,90,1.229500055
E12,d,91,1.234300017
E12,d,92,1.237100005
E12,d,93,1.243800044
E12,d,94,1.243199944
E12,d,95,1.248399973
E12,d,96,1.251199961
F6,f,1,0.086800002
F6,f,2,0.086099997
F6,f,3,0.082699999
F6,f,4,0.082999997
F6,f,5,0.084299996
F6,f,6,0.084700003
F6,f,7,0.085199997
F6,f,8,0.086199999
F6,f,9,0.087300003
F6,f,10,0.087399997
F6,f,11,0.088200003
F6,f,12,0.088500001
F6,f,13,0.088100001
F6,f,14,0.092100002
F6,f,15,0.0911
F6,f,16,0.093400002
F6,f,17,0.094800003
F6,f,18,0.0977
F6,f,19,0.101400003
F6,f,20,0.1065
F6,f,21,0.113499999
F6,f,22,0.120399997
F6,f,23,0.123400003
F6,f,24,0.133000001
F6,f,25,0.150600001
F6,f,26,0.151899993
F6,f,27,0.1778
F6,f,28,0.180899993
F6,f,29,0.206100002
F6,f,30,0.243799999
F6,f,31,0.259900004
F6,f,32,0.322600007
F6,f,33,0.384799987
F6,f,34,0.455199987
F6,f,35,0.503700018
F6,f,36,0.539200008
F6,f,37,0.570599973
F6,f,38,0.597299993
F6,f,39,0.638300002
F6,f,40,0.658999979
F6,f,41,0.690400004
F6,f,42,0.717599988
F6,f,43,0.743700027
F6,f,44,0.761600018
F6,f,45,0.788900018
F6,f,46,0.805800021
F6,f,47,0.826399982
F6,f,48,0.87559998
F6,f,49,0.870599985
F6,f,50,0.889299989
F6,f,51,0.908100009
F6,f,52,0.921400011
F6,f,53,0.936600029
F6,f,54,0.958800018
F6,f,55,0.979499996
F6,f,56,0.988900006
F6,f,57,0.997200012
F6,f,58,1.039100051
F6,f,59,1.027400017
F6,f,60,1.038599968
F6,f,61,1.106999993
F6,f,62,1.064599991
F6,f,63,1.078099966
F6,f,64,1.080600023
F6,f,65,1.091199994
F6,f,66,1.09739995
F6,f,67,1.105200052
F6,f,68,1.119099975
F6,f,69,1.158100009
F6,f,70,1.129099965
F6,f,71,1.158100009
F6,f,72,1.149299979
F6,f,73,1.146700025
F6,f,74,1.247200012
F6,f,75,1.214599967
F6,f,76,1.172399998
F6,f,77,1.183500051
F6,f,78,1.247699976
F6,f,79,1.192700028
F6,f,80,1.223199964
F6,f,81,1.225399971
F6,f,82,1.209100008
F6,f,83,1.216500044
F6,f,84,1.222100019
F6,f,85,1.230499983
F6,f,86,1.320000052
F6,f,87,1.2852
F6,f,88,1.281599998
F6,f,89,1.246999979
F6,f,90,1.248000026
F6,f,91,1.247900009
F6,f,92,1.276200056
F6,f,93,1.376600027
F6,f,94,1.263700008
F6,f,95,1.271399975
F6,f,96,1.271700025
F12,h,1,0.085600004
F12,h,2,0.080799997
F12,h,3,0.080899999
F12,h,4,0.081600003
F12,h,5,0.082199998
F12,h,6,0.083300002
F12,h,7,0.083800003
F12,h,8,0.085199997
F12,h,9,0.0867
F12,h,10,0.087099999
F12,h,11,0.088299997
F12,h,12,0.0889
F12,h,13,0.0902
F12,h,14,0.089000002
F12,h,15,0.089000002
F12,h,16,0.091499999
F12,h,17,0.099600002
F12,h,18,0.099600002
F12,h,19,0.103799999
F12,h,20,0.121699996
F12,h,21,0.108999997
F12,h,22,0.115900002
F12,h,23,0.119800001
F12,h,24,0.125699997
F12,h,25,0.133300006
F12,h,26,0.138600007
F12,h,27,0.149700001
F12,h,28,0.167699993
F12,h,29,0.182500005
F12,h,30,0.216800004
F12,h,31,0.269300014
F12,h,32,0.313899994
F12,h,33,0.35710001
F12,h,34,0.421200007
F12,h,35,0.469599992
F12,h,36,0.50819999
F12,h,37,0.535000026
F12,h,38,0.555100024
F12,h,39,0.590799987
F12,h,40,0.614499986
F12,h,41,0.639500022
F12,h,42,0.664200008
F12,h,43,0.69569999
F12,h,44,0.721099973
F12,h,45,0.747399986
F12,h,46,0.768299997
F12,h,47,0.786800027
F12,h,48,0.809099972
F12,h,49,0.82980001
F12,h,50,0.845899999
F12,h,51,0.864400029
F12,h,52,0.880900025
F12,h,53,0.897000015
F12,h,54,0.913299978
F12,h,55,0.929499984
F12,h,56,0.944800019
F12,h,57,0.959500015
F12,h,58,0.978699982
F12,h,59,0.992299974
F12,h,60,1.004899979
F12,h,61,1.018000007
F12,h,62,1.029399991
F12,h,63,1.041399956
F12,h,64,1.051800013
F12,h,65,1.062399983
F12,h,66,1.072700024
F12,h,67,1.080000043
F12,h,68,1.091400027
F12,h,69,1.100299954
F12,h,70,1.108500004
F12,h,71,1.114400029
F12,h,72,1.121700048
F12,h,73,1.176399946
F12,h,74,1.153499961
F12,h,75,1.151600003
F12,h,76,1.215299964
F12,h,77,1.178500056
F12,h,78,1.16050005
F12,h,79,1.260200024
F12,h,80,1.170899987
F12,h,81,1.261399984
F12,h,82,1.191799998
F12,h,83,1.191300035
F12,h,84,1.204900026
F12,h,85,1.274500012
F12,h,86,1.201400042
F12,h,87,1.303500056
F12,h,88,1.251799941
F12,h,89,1.235499978
F12,h,90,1.220199943
F12,h,91,1.227300048
F12,h,92,1.248999953
F12,h,93,1.268000007
F12,h,94,1.234099984
F12,h,95,1.297799945
F12,h,96,1.269000053
G6,j,1,0.087300003
G6,j,2,0.0814
G6,j,3,0.082099997
G6,j,4,0.082400002
G6,j,5,0.082999997
G6,j,6,0.083899997
G6,j,7,0.084100001
G6,j,8,0.084799998
G6,j,9,0.085699998
G6,j,10,0.086800002
G6,j,11,0.0876
G6,j,12,0.087499999
G6,j,13,0.086999997
G6,j,14,0.086900003
G6,j,15,0.087499999
G6,j,16,0.090099998
G6,j,17,0.092699997
G6,j,18,0.095100001
G6,j,19,0.1008
G6,j,20,0.1039
G6,j,21,0.106299996
G6,j,22,0.111599997
G6,j,23,0.118199997
G6,j,24,0.1237
G6,j,25,0.131200001
G6,j,26,0.147400007
G6,j,27,0.152500004
G6,j,28,0.206900001
G6,j,29,0.233500004
G6,j,30,0.239199996
G6,j,31,0.266400009
G6,j,32,0.301800013
G6,j,33,0.344599992
G6,j,34,0.429100007
G6,j,35,0.484600008
G6,j,36,0.530600011
G6,j,37,0.558399975
G6,j,38,0.5898
G6,j,39,0.618200004
G6,j,40,0.653599977
G6,j,41,0.687600017
G6,j,42,0.719200015
G6,j,43,0.746699989
G6,j,44,0.774299979
G6,j,45,0.836499989
G6,j,46,0.822700024
G6,j,47,0.859600008
G6,j,48,0.8829
G6,j,49,0.910300016
G6,j,50,0.91109997
G6,j,51,0.930700004
G6,j,52,0.969200015
G6,j,53,0.984499991
G6,j,54,1.068799973
G6,j,55,1.025500059
G6,j,56,1.047299981
G6,j,57,1.055099964
G6,j,58,1.082599998
G6,j,59,1.128000021
G6,j,60,1.129400015
G6,j,61,1.149299979
G6,j,62,1.110200047
G6,j,63,1.131000042
G6,j,64,1.133900046
G6,j,65,1.147600055
G6,j,66,1.146199942
G6,j,67,1.162700057
G6,j,68,1.168400049
G6,j,69,1.184200048
G6,j,70,1.191900015
G6,j,71,1.205199957
G6,j,72,1.20570004
G6,j,73,1.201900005
G6,j,74,1.209100008
G6,j,75,1.215000033
G6,j,76,1.216799974
G6,j,77,1.223899961
G6,j,78,1.230800033
G6,j,79,1.22239995
G6,j,80,1.236600041
G6,j,81,1.246000051
G6,j,82,1.248399973
G6,j,83,1.260900021
G6,j,84,1.248000026
G6,j,85,1.251700044
G6,j,86,1.259699941
G6,j,87,1.263800025
G6,j,88,1.275500059
G6,j,89,1.284399986
G6,j,90,1.303799987
G6,j,91,1.287799954
G6,j,92,1.289000034
G6,j,93,1.292600036
G6,j,94,1.293300033
G6,j,95,1.298900008
G6,j,96,1.325799942
G12,l,1,0.094099998
G12,l,2,0.089000002
G12,l,3,0.089000002
G12,l,4,0.090400003
G12,l,5,0.090400003
G12,l,6,0.091600001
G12,l,7,0.090400003
G12,l,8,0.093199998
G12,l,9,0.092900001
G12,l,10,0.091700003
G12,l,11,0.091899998
G12,l,12,0.091499999
G12,l,13,0.091600001
G12,l,14,0.091499999
G12,l,15,0.091300003
G12,l,16,0.092100002
G12,l,17,0.094400004
G12,l,18,0.099100001
G12,l,19,0.1021
G12,l,20,0.103299998
G12,l,21,0.108400002
G12,l,22,0.1096
G12,l,23,0.119400002
G12,l,24,0.124799997
G12,l,25,0.118500002
G12,l,26,0.122599997
G12,l,27,0.1241
G12,l,28,0.132799998
G12,l,29,0.142399997
G12,l,30,0.156399995
G12,l,31,0.175300002
G12,l,32,0.189600006
G12,l,33,0.336100012
G12,l,34,0.391799986
G12,l,35,0.382099986
G12,l,36,0.235499993
G12,l,37,0.280299991
G12,l,38,0.355100006
G12,l,39,0.430900007
G12,l,40,0.477800012
G12,l,41,0.51910001
G12,l,42,0.551699996
G12,l,43,0.582799971
G12,l,44,0.601199985
G12,l,45,0.630699992
G12,l,46,0.680000007
G12,l,47,0.699599981
G12,l,48,0.768599987
G12,l,49,0.754299998
G12,l,50,0.779200017
G12,l,51,0.799300015
G12,l,52,0.973100007
G12,l,53,1.049000025
G12,l,54,1.040099978
G12,l,55,1.070799947
G12,l,56,0.90109998
G12,l,57,0.926199973
G12,l,58,1.178200006
G12,l,59,0.962700009
G12,l,60,1.187299967
G12,l,61,1.007400036
G12,l,62,1.192899942
G12,l,63,1.258700013
G12,l,64,1.02820003
G12,l,65,1.240499973
G12,l,66,1.129999995
G12,l,67,1.111600041
G12,l,68,1.062700033
G12,l,69,1.075999975
G12,l,70,1.177299976
G12,l,71,1.102699995
G12,l,72,1.175600052
G12,l,73,1.127799988
G12,l,74,1.128100038
G12,l,75,1.125499964
G12,l,76,1.143300056
G12,l,77,1.208099961
G12,l,78,1.164399981
G12,l,79,1.152899981
G12,l,80,1.159800053
G12,l,81,1.168900013
G12,l,82,1.231999993
G12,l,83,1.176300049
G12,l,84,1.192100048
G12,l,85,1.266100049
G12,l,86,1.236899972
G12,l,87,1.301900029
G12,l,88,1.237100005
G12,l,89,1.214300036
G12,l,90,1.273100019
G12,l,91,1.222800016
G12,l,92,1.266600013
G12,l,93,1.238499999
G12,l,94,1.232499957
G12,l,95,1.261899948
G12,l,96,1.257699966
